{"cameraMode":{"drawMode":0,"name":"Shaded","section":"Shading Mode"},"sceneLighting":true,"audioPlay":false,"sceneViewState":{"m_AlwaysRefresh":false,"showFog":true,"showSkybox":true,"showFlares":true,"showImageEffects":true,"showParticleSystems":true,"showVisualEffectGraphs":true,"m_FxEnabled":true},"in2DMode":false,"pivot":{"x":450.6948547363281,"y":3.404717445373535,"z":304.5950622558594},"rotation":{"x":-0.012131436727941037,"y":0.6099587082862854,"z":-0.009338640607893467,"w":-0.7922881841659546},"size":5.5761027336120609,"orthographic":false}